run_name,_step,eval/sap_mean,eval/draw_rate,eval/csi_sap_proxy,eval/n_episodes,eval/csi_proxy_n_ll,eval/sap_std,eval/win_rate,eval/loss_rate,eval/mecha_mean,_runtime,_timestamp,eval/csi_proxy_n_lw,wandb_run_id,created_at,condition,seed,lam_init,alpha,disc/swap_hinge_ll,disc/swap_hinge_lw,disc/bce_agent,disc/acc,disc/step,disc_update_skipped,loss/kl,gate/late_winning -> late_losing_shift,gate/late_losing -> late_winning_frac,gate/late_losing -> late_winning_shift,loss/clipped_surrogate,episode_steps,disc_health,disc/loss,iteration,r_style_mean,task_reward_sum,disc/gp_value,episode_sap,loss/lam,disc/acc_agent,disc_saturating,disc/bce_expert,disc/ess,loss/kl_term,disc/acc_expert,disc/swap_shift_ll,gate/late_winning -> late_losing_frac,disc/swap_shift_lw
MAGAIL-C+KL_seed0,524,85.022,0.2,0.03639971341098003,50.0,4533.0,3.820980735070223,0.7,0.1,0.11723668818271193,20751.496486894,1788818377.395423,30270.0,39zhjt3a,2026-09-07T16:13:45Z,MAGAIL-C+KL,0,1.0,0.131,0.0002083275467157364,0.0,0.5023941993713379,0.91015625,52.0,0.0,0.10709656774997711,0.1423443853855133,1.0,0.17080508172512054,0.006518963724374771,3000.0,saturating,1.075821042060852,525.0,3.639857126813695e-08,4.0,0.12438451498746872,80.86666666666666,0.1,0.8359375,1.0,0.4477923810482025,106.90872476776055,0.010709657333791256,0.984375,0.1727692037820816,0.9209284028324154,0.16999022662639618
MAGAIL-C+KL_seed1,524,85.78,0.32,-0.010443986478663958,50.0,5103.0,3.8178877231614177,0.58,0.1,0.12493669225674166,20470.207501499,1788818096.0429814,24095.0,to7g7shf,2026-09-07T16:13:45Z,MAGAIL-C+KL,1,1.0,0.131,0.00018775463104248047,0.0,0.4350351095199585,0.94140625,52.0,0.0,0.025231314823031425,0.14248128235340118,1.0,0.17128750681877136,0.002836408093571663,3000.0,saturating,1.0330910682678223,525.0,3.019968630724179e-08,16.0,0.1301295906305313,83.93333333333334,1.0,0.953125,1.0,0.46679985523223877,106.90872476776055,0.025231314823031425,0.9296875,0.17334194481372833,0.9244689221085759,0.17001871764659882
MAGAIL-C+KL_seed2,524,85.34000000000002,0.16,0.04825685588371187,50.0,6393.0,4.575310554122711,0.7,0.14,0.12349946817628257,20996.067756847,1788818621.8968627,28620.0,1z7gitub,2026-09-07T16:13:45Z,MAGAIL-C+KL,2,1.0,0.131,0.0001827389933168888,8.037779480218887e-06,0.4472670555114746,0.9575471878051758,52.0,0.0,0.017069905996322632,0.14119921624660492,1.0,0.17012448608875275,0.004148246254771948,3000.0,saturating,1.0163077116012573,525.0,1.818736450331926e-07,4.0,0.12272372841835022,90.2,1.0,0.9339622855186462,1.0,0.44517233967781067,86.75581425540422,0.017069905996322632,0.9811320900917053,0.17261287569999695,0.9193548387096774,0.16908499598503113
MAGAIL-C+KL_seed3,524,84.72266666666668,0.3,0.025234624620390833,50.0,2773.0,4.451583688232015,0.64,0.06,0.11760607019888462,20591.365042432,1788818217.2528157,28254.0,v0wbpy5s,2026-09-07T16:13:45Z,MAGAIL-C+KL,3,1.0,0.131,0.00010713096708059311,0.0,0.48047465085983276,0.92578125,52.0,0.0,0.08579491078853607,0.14179886877536774,1.0,0.1717727780342102,0.005496966186910868,3000.0,saturating,1.0773323774337769,525.0,-3.6557516125412803e-08,8.0,0.1362469345331192,83.56666666666666,0.1,0.90625,1.0,0.45996806025505066,106.90872476776055,0.008579491637647152,0.9453125,0.1743403673171997,0.9221085759244689,0.16997016966342926
MAGAIL-C+KL_seed4,524,86.04666666666668,0.24,0.037615106623348105,50.0,2181.0,3.642496091662663,0.7,0.06,0.12476790642939839,20415.085784931,1788818040.8794563,28173.0,2sqhkqop,2026-09-07T16:13:45Z,MAGAIL-C+KL,4,1.0,0.131,0.00014493148773908615,0.0,0.4390393793582916,0.953125,52.0,0.0,0.0175868421792984,0.14156873524188995,1.0,0.1713618040084839,0.003657577559351921,3000.0,saturating,1.0354981422424316,525.0,5.16573592790337e-08,8.0,0.13903257250785828,90.03333333333333,1.0,0.9453125,1.0,0.456556499004364,106.90872476776055,0.0175868421792984,0.9609375,0.17406050860881805,0.9217151848937845,0.1701754331588745
MAGAIL-C_seed0,149,67.74666666666668,0.38,-0.013689216268656157,50.0,10768.0,6.583865801251488,0.4,0.22,0.1405342373088499,6667.103493714,1788804292.8986692,16494.0,851bnai6,2026-09-07T16:13:45Z,MAGAIL-C,0,1.0,0.131,0.0,0.00014028791338205338,0.5429510474205017,0.88671875,15.0,0.0,2.272488594055176,0.14097177982330322,1.0,0.17204298079013824,0.008264178410172462,3000.0,saturating,1.1269457340240479,150.0,2.2649764730431343e-08,0.0,0.11763057112693787,68.96666666666667,0.0,0.8125,1.0,0.46552228927612305,106.90872476776055,0.0,0.9609375,0.1763526350259781,0.9142407553107789,0.16936127841472626
MAGAIL-C_seed1,149,59.223333333333336,0.34,-0.029053306804419865,50.0,11971.0,7.290768135114434,0.42,0.24,0.14378248653871575,6432.66607466,1788804058.4145486,16898.0,ed3dyc4e,2026-09-07T16:13:45Z,MAGAIL-C,1,1.0,0.131,0.0,0.00010903365910053253,0.5780854821205139,0.8359375,15.0,0.0,3.334825277328491,0.14162003993988037,1.0,0.1711312085390091,0.00864371471107006,3000.0,saturating,1.1665650606155396,150.0,-1.0331471234081846e-09,4.0,0.128264382481575,48.96666666666666,0.0,0.71875,1.0,0.45956096053123474,106.90872476776055,0.0,0.953125,0.17605243623256683,0.9130605822187254,0.1702057272195816
MAGAIL-C_seed2,299,33.721333333333334,0.32,-0.08209920251983654,50.0,15041.0,5.126388202233616,0.38,0.3,0.1260533831036104,12608.359797429,1788810234.156463,15566.0,7qf6g2ig,2026-09-07T16:13:45Z,MAGAIL-C,2,1.0,0.131,0.00048587843775749207,0.0002824077382683754,0.5766520500183105,0.8359375,30.0,0.0,6.722777843475342,0.14560304582118988,0.9992686494392979,0.17458483576774597,0.009009486064314842,3000.0,healthy,1.2010053396224976,300.0,-4.6014786647674555e-08,8.0,0.12358520179986954,27.23333333333333,0.0,0.75,1.0,0.4961583912372589,106.90872476776055,0.0,0.921875,0.1798596829175949,0.9228953579858379,0.17180564999580383
MAGAIL-C_seed3,149,63.09400000000001,0.32,-0.03952502650643652,50.0,9482.0,6.418745775720779,0.44,0.24,0.14366210936460055,6608.001785514,1788804233.8480349,19115.0,3so7hfcl,2026-09-07T16:13:45Z,MAGAIL-C,3,1.0,0.131,0.0,0.00015805428847670555,0.5248323678970337,0.89453125,15.0,0.0,2.385819911956787,0.14030225574970245,1.0,0.17173582315444946,0.008286471478641033,3000.0,saturating,1.1225908994674683,150.0,-8.185704558627549e-08,-4.0,0.1308499127626419,68.96666666666667,0.0,0.8359375,1.0,0.4659602642059326,106.90872476776055,0.0,0.953125,0.17606143653392792,0.9114870180959874,0.16906340420246124
MAGAIL-C_seed4,299,22.350666666666665,0.26,-0.09897953415445207,50.0,13885.0,4.461271567613879,0.4,0.34,0.15110809247034904,12132.291830525,1788809758.0659041,17722.0,fm8ttv3c,2026-09-07T16:13:45Z,MAGAIL-C,4,1.0,0.131,0.0006083110347390175,0.00030539603903889656,0.6117249727249146,0.80859375,30.0,0.0,5.073164939880371,0.14795516431331635,0.9990248659190639,0.17701074481010437,0.008261037059128284,3000.0,healthy,1.232855200767517,300.0,3.6875405839964515e-08,-12.0,0.11603628098964691,29.5,0.0,0.65625,1.0,0.4996117651462555,106.90872476776055,0.0,0.9609375,0.1827773004770279,0.9303697875688435,0.17409555613994598
MAGAIL-NC_seed0,224,26.447333333333333,0.34,-0.07087218545846077,50.0,10715.0,7.207542623298641,0.4,0.26,0.13445563020006737,9380.986433829,1788807006.822854,16899.0,lbaaj8bu,2026-09-07T16:13:45Z,MAGAIL-NC,0,1.0,0.131,0.00019181566312909126,9.21543687582016e-07,0.6086523532867432,0.7967479825019836,22.0,0.0,4.181319713592529,0.1452120691537857,0.9992686494392979,0.17364254593849182,0.007498657330870628,3000.0,healthy,1.2239487171173096,225.0,4.100799699813251e-08,0.0,0.11771499365568161,31.6,0.0,0.6747967600822449,1.0,0.4964248836040497,110.80309664237396,0.0,0.9186992049217224,0.17678844928741455,0.9217151848937845,0.17139659821987152
MAGAIL-NC_seed1,449,13.415999999999999,0.38,-0.0025848237476160663,50.0,15402.0,3.7855822390867284,0.28,0.34,0.1182280792434664,17743.934038006,1788815369.7566683,9812.0,2a8hkiqz,2026-09-07T16:13:45Z,MAGAIL-NC,1,1.0,0.131,8.448027074337006e-05,0.0001073470339179039,0.5878222584724426,0.78515625,45.0,0.0,7.284437656402588,0.14970509707927704,0.9978059483178937,0.18106092512607574,0.008263052441179752,3000.0,healthy,1.2661635875701904,450.0,-2.686182654088043e-08,-4.0,0.12134944647550583,22.733333333333334,0.0,0.703125,1.0,0.5558408498764038,106.90872476776055,0.0,0.8671875,0.1873297244310379,0.9311565696302124,0.17708271741867065
MAGAIL-NC_seed2,149,41.97866666666666,0.38,-0.13504759766484875,50.0,7775.0,8.57084142115969,0.44,0.18,0.1418464582314864,6500.078881012,1788804126.005548,16842.0,39oe3g0r,2026-09-07T16:13:45Z,MAGAIL-NC,2,1.0,0.131,0.0,0.00014235777780413628,0.6028662919998169,0.8125,15.0,0.0,2.624896764755249,0.14181110262870789,1.0,0.17258396744728088,0.009564422070980072,3000.0,healthy,1.2075719833374023,150.0,2.479553273815327e-08,-4.0,0.12792105972766876,36.3,0.0,0.6953125,1.0,0.47593042254447937,106.90872476776055,0.0,0.9296875,0.1772548258304596,0.9130605822187254,0.17052733898162842
MAGAIL-NC_seed3,374,26.668666666666674,0.36,-0.05240956284650522,50.0,9784.0,6.2354342626993065,0.42,0.22,0.13757254315405307,14694.570684451,1788812320.505999,20566.0,fqwpib1r,2026-09-07T16:13:45Z,MAGAIL-NC,3,1.0,0.131,0.000558741157874465,0.0,0.5679379105567932,0.8046875,37.0,0.0,5.5185418128967285,0.15076367557048798,0.9978059483178937,0.18018482625484467,0.008121064864099026,3000.0,healthy,1.2488218545913696,375.0,-3.226598010996895e-08,0.0,0.1256180703639984,25.266666666666666,0.0,0.75,1.0,0.5519134402275085,106.90872476776055,0.0,0.859375,0.1804209053516388,0.9343036978756885,0.18312934041023254
MAGAIL-NC_seed4,149,45.23733333333334,0.4,0.11763961623262414,50.0,6851.0,7.469769117360098,0.44,0.16,0.14911480140204939,6403.128628168,1788804028.9474092,14709.0,r699iyus,2026-09-07T16:13:45Z,MAGAIL-NC,4,1.0,0.131,0.0,0.00014893896877765656,0.5779352784156799,0.84765625,15.0,0.0,3.4707090854644775,0.14033406972885132,1.0,0.17142322659492493,0.008201365359127522,3000.0,saturating,1.1827412843704224,150.0,8.265176987265477e-09,0.0,0.12911851704120636,51.233333333333334,0.0,0.734375,1.0,0.4747938811779022,106.90872476776055,0.0,0.9609375,0.17569947242736816,0.911093627065303,0.16873937845230103
MAGAIL-SC_seed0,524,21.59466666666667,0.4,0.04588858629101525,50.0,7262.0,4.501655794137186,0.42,0.18,0.12220521975906212,20753.718535864,1788818379.5746036,18204.0,sotcaqlx,2026-09-07T16:13:45Z,MAGAIL-SC,0,1.0,0.131,0.0009837774559855461,0.0,0.6066679358482361,0.765625,52.0,0.0,6.831265449523926,0.1485849916934967,0.9975621647976597,0.17980878055095673,0.006120166275650263,3000.0,healthy,1.2962288856506348,525.0,-4.529952857268427e-09,4.0,0.1222185418009758,12.066666666666666,0.0,0.640625,1.0,0.5614397525787354,106.90872476776055,0.0,0.890625,0.18247969448566437,0.9299763965381589,0.1761673092842102
MAGAIL-SC_seed1,224,42.050666666666665,0.32,-0.040804055362261116,50.0,13892.0,4.19941921910373,0.38,0.3,0.1343558578899724,9655.077386425,1788807280.8158998,17486.0,h9do32m5,2026-09-07T16:13:45Z,MAGAIL-SC,1,1.0,0.131,0.0001801038160920143,0.0,0.5660021305084229,0.84375,22.0,0.0,4.46500825881958,0.1437797099351883,1.0,0.17236512899398804,0.008774804882705212,3000.0,healthy,1.1993671655654907,225.0,2.6305515987701256e-08,-4.0,0.14172478020191193,42.46666666666667,0.0,0.765625,1.0,0.4905596375465393,106.90872476776055,0.0,0.921875,0.17556388676166534,0.9193548387096774,0.1698489785194397
MAGAIL-SC_seed2,524,25.82266666666667,0.26,-0.04782480495585678,50.0,9027.0,4.183791156886831,0.54,0.2,0.12274821999988983,20498.28883456,1788818124.107751,22495.0,6c8a5vuu,2026-09-07T16:13:45Z,MAGAIL-SC,2,1.0,0.131,2.4943146854639053e-05,7.706694304943085e-07,0.43786755204200745,0.9708333015441895,1.0,0.0,9.038434028625488,0.13968120515346527,1.0,0.17319244146347046,0.005123611073940992,3000.0,saturating,1.0477949380874634,525.0,1.6212464259979242e-08,0.0,0.14614997804164886,27.766666666666666,0.0,0.9833333492279053,1.0,0.4636231064796448,100.55031846506904,0.0,0.9583333134651184,0.18099689483642578,0.9154209284028324,0.16775529086589813
MAGAIL-SC_seed3,149,52.66533333333333,0.5,-0.06733387228560439,50.0,15285.0,11.264116003190546,0.12,0.38,0.16307080597150495,6590.595084346,1788804216.3739913,4994.0,cswjhrgu,2026-09-07T16:13:45Z,MAGAIL-SC,3,1.0,0.131,0.0,0.0001401868648827076,0.5485011339187622,0.8708333373069763,15.0,0.0,2.400888681411743,0.14037248492240906,1.0,0.17167042195796967,0.007637915201485157,3000.0,saturating,1.1631804704666138,150.0,-4.1643779979949613e-08,4.0,0.1422213315963745,54.63333333333333,0.0,0.7916666865348816,1.0,0.4716168940067291,100.55031846506904,0.0,0.949999988079071,0.17591409385204315,0.912667191188041,0.16857799887657166
MAGAIL-SC_seed4,224,46.37266666666667,0.32,-0.11343406759644842,50.0,9864.0,6.518144555350428,0.44,0.24,0.13268975256004076,9479.337985365,1788807105.4602866,19153.0,a2jp8379,2026-09-07T16:13:45Z,MAGAIL-SC,4,1.0,0.131,0.00012795068323612213,8.80146399140358e-06,0.5741143226623535,0.84375,22.0,0.0,5.110611915588379,0.14153790473937988,0.999756216479766,0.1717960238456726,0.007065178360790014,3000.0,saturating,1.1968790292739868,225.0,-1.017252593271678e-08,8.0,0.1336805820465088,32.36666666666667,0.0,0.765625,1.0,0.4882635474205017,106.90872476776055,0.0,0.921875,0.17497505247592926,0.9130605822187254,0.16779586672782898
MAPPO-baseline_seed0,0,86.31199999999998,0.34,0.04611851417932311,50.0,4495.0,3.649765654577472,0.56,0.1,0.12666725779505353,1207.001163438,1788798831.7376108,23041.0,t0o3gvod,2026-09-07T16:13:44Z,MAPPO-baseline,0,,,,,,,,,,,,,,,,,,,,,,,,,,,,,,,
MAPPO-baseline_seed1,0,86.52866666666668,0.24,0.011698658071885637,50.0,4112.0,3.9167447368105743,0.68,0.08,0.12268107927354438,1225.745165945,1788798850.4608672,30930.0,xp53jsdf,2026-09-07T16:13:44Z,MAPPO-baseline,1,,,,,,,,,,,,,,,,,,,,,,,,,,,,,,,
MAPPO-baseline_seed2,0,85.26933333333332,0.18,0.7846789234702589,50.0,13.0,4.4314574477378335,0.82,0.0,0.12463444481734663,1219.206537858,1788798844.8299592,35593.0,t41o2mtv,2026-09-07T16:13:45Z,MAPPO-baseline,2,,,,,,,,,,,,,,,,,,,,,,,,,,,,,,,
MAPPO-baseline_seed3,0,85.88533333333335,0.16,0.027063792914134188,50.0,4303.0,4.56223220218641,0.72,0.12,0.12228241880690349,1205.86216447,1788798831.1940248,29686.0,muzfw4tt,2026-09-07T16:13:45Z,MAPPO-baseline,3,,,,,,,,,,,,,,,,,,,,,,,,,,,,,,,
MAPPO-baseline_seed4,0,85.45866666666664,0.28,0.04886425590511034,50.0,3742.0,5.080107435434369,0.58,0.14,0.12454166351124853,1227.31747503,1788798852.7379444,25221.0,rzk3l0fl,2026-09-07T16:13:45Z,MAPPO-baseline,4,,,,,,,,,,,,,,,,,,,,,,,,,,,,,,,
lambda_sweep_0.001_seed0,224,30.808666666666667,0.38,-0.12190613668618341,50.0,9123.0,9.056403038734528,0.42,0.2,0.160617130212659,9393.642851181,1788807019.5507658,18412.0,fa9ub8rm,2026-09-07T16:13:45Z,lambda_sweep_0.001,0,0.001,0.131,0.00015325099229812622,0.0,0.5341269373893738,0.85546875,22.0,0.0,4.580818176269531,0.14472217857837677,1.0,0.1746128648519516,0.00882596056908369,3000.0,healthy,1.1486798524856567,225.0,2.8610228852699038e-08,0.0,0.1184881180524826,34.46666666666667,0.001,0.78125,1.0,0.495145320892334,106.90872476776055,0.004580818582326174,0.9296875,0.17817999422550201,0.9213217938630999,0.1713714450597763
lambda_sweep_0.001_seed1,449,27.269333333333336,0.3,-0.041392013937814415,50.0,12248.0,5.509510323068649,0.46,0.24,0.14109329966852663,17624.810241958,1788815250.7227044,19534.0,s0ygd7xi,2026-09-07T16:13:45Z,lambda_sweep_0.001,1,0.001,0.131,0.0,0.00016281940042972565,0.5828274488449097,0.77734375,45.0,0.0,5.970304012298584,0.14489860832691193,0.999512432959532,0.17701680958271027,0.005704907700419426,3000.0,healthy,1.2327170372009277,450.0,2.312660285497259e-08,4.0,0.12491477280855179,21.3,0.001,0.671875,1.0,0.523997962474823,106.90872476776055,0.005970304366201162,0.8828125,0.18210329115390778,0.9213217938630999,0.17292097210884094
lambda_sweep_0.001_seed2,299,38.15266666666666,0.44,-0.11784731133374626,50.0,9746.0,6.792653188065274,0.36,0.2,0.13929038130427718,12152.008624653,1788809777.8594143,18122.0,i1wiblea,2026-09-07T16:13:45Z,lambda_sweep_0.001,2,0.001,0.131,0.0004762532189488411,0.0002616853453218937,0.49960729479789734,0.87109375,30.0,0.0,4.010570049285889,0.1448863446712494,0.9992686494392979,0.17474567890167236,0.00793361198157072,3000.0,healthy,1.125613808631897,300.0,-8.662541972626059e-08,0.0,0.12318464368581772,46.400000000000006,0.001,0.8203125,1.0,0.4983941912651062,106.90872476776055,0.004010570235550404,0.921875,0.1806482970714569,0.9209284028324154,0.17169193923473358
lambda_sweep_0.01_seed0,524,32.62466666666667,0.14,0.016673663781355208,50.0,4552.0,5.532312395774885,0.74,0.12,0.13000360721168236,21039.999021117,1788818665.7481384,32311.0,l4o68m8d,2026-09-07T16:13:45Z,lambda_sweep_0.01,0,0.01,0.131,0.0004514595493674278,0.0,0.5515652894973755,0.8671875,52.0,0.0,3.184124231338501,0.143901988863945,0.9992686494392979,0.17185336351394653,0.008389170281589031,3000.0,saturating,1.1541656255722046,525.0,2.304712864997782e-08,-4.0,0.1205294206738472,39.0,0.001,0.78125,1.0,0.4793621897697449,106.90872476776055,0.0031841243617236614,0.953125,0.1744394153356552,0.9225019669551534,0.17200732231140137
lambda_sweep_0.01_seed1,524,60.59466666666666,0.34,-0.021627506392812745,50.0,3373.0,6.000871640390622,0.58,0.08,0.13799732908785706,20559.5473095,1788818185.2889657,21856.0,yf31c0as,2026-09-07T16:13:45Z,lambda_sweep_0.01,1,0.01,0.131,0.00025632651522755623,0.0,0.5008119344711304,0.87890625,52.0,0.0,1.6225277185440063,0.14133939146995544,1.0,0.17248760163784027,0.0067369090393185616,3000.0,saturating,1.1252604722976685,525.0,2.169609025770569e-08,0.0,0.12500043213367462,55.86666666666667,0.01,0.8359375,1.0,0.49791011214256287,106.90872476776055,0.01622527651488781,0.921875,0.17523902654647827,0.9158143194335169,0.17034590244293213
lambda_sweep_0.01_seed2,524,43.73,0.26,-0.07446338668285002,50.0,2608.0,5.945258615064613,0.68,0.06,0.12673046690847348,20255.252035322,1788817881.1167607,27709.0,1dd3x508,2026-09-07T16:13:45Z,lambda_sweep_0.01,2,0.01,0.131,0.0002738768234848976,0.0,0.5033047199249268,0.90234375,52.0,0.0,2.475078821182251,0.14150738716125488,1.0,0.17156541347503662,0.006964529864490032,3000.0,healthy,1.101149320602417,525.0,5.8571497874027045e-08,0.0,0.11680496484041214,50.1,0.001,0.8515625,1.0,0.47939634323120117,106.90872476776055,0.0024750789161771536,0.953125,0.1745014786720276,0.9169944925255704,0.17043747007846832
lambda_sweep_0.1_seed0,524,70.89666666666668,0.26,0.11577058156255882,50.0,5439.0,7.325466234688107,0.62,0.12,0.13668254135181418,21181.110972895,1788818806.874335,25228.0,lxlw0bi0,2026-09-07T16:13:45Z,lambda_sweep_0.1,0,0.1,0.131,0.0002681612968444824,0.0,0.4655051529407501,0.953125,52.0,0.0,0.9199397563934326,0.1420387476682663,1.0,0.1701665222644806,0.007872231304645538,3000.0,saturating,1.0464913845062256,525.0,2.272923715906927e-08,8.0,0.12363719195127487,56.10000000000001,0.01,0.921875,1.0,0.4557400643825531,106.90872476776055,0.009199397638440132,0.984375,0.17238962650299072,0.9189614476789929,0.16969949007034302
lambda_sweep_0.1_seed1,524,77.38266666666665,0.34,0.030851624616235918,50.0,3614.0,4.3972175040334065,0.6,0.06,0.13078571276828307,20479.919392486,1788818105.6856008,23557.0,kx1iacpn,2026-09-07T16:13:45Z,lambda_sweep_0.1,1,0.1,0.131,0.00020575569942593575,0.0,0.46443891525268555,0.921875,52.0,0.0,0.7015818953514099,0.1413542777299881,1.0,0.1709534078836441,0.008848273195326328,3000.0,saturating,1.0692654848098755,525.0,3.7829082089047006e-08,4.0,0.1319262981414795,68.36666666666666,0.01,0.9140625,1.0,0.47166576981544495,106.90872476776055,0.007015818729996681,0.9296875,0.1733502447605133,0.9177812745869394,0.16964666545391083
lambda_sweep_0.1_seed2,524,83.31866666666667,0.32,-0.008723830135205946,50.0,7442.0,4.301390782836019,0.56,0.12,0.12452290017915192,20567.832259515,1788818193.5699694,23558.0,se37cpkr,2026-09-07T16:13:45Z,lambda_sweep_0.1,2,0.1,0.131,0.00016567856073379517,0.0,0.454355925321579,0.9666666984558105,52.0,0.0,0.1567746102809906,0.14318647980690002,1.0,0.1717832237482071,0.007466001436114311,3000.0,saturating,1.03510320186615,525.0,1.4543533488620142e-08,4.0,0.12026594579219818,84.63333333333334,0.1,0.949999988079071,1.0,0.4594872295856476,100.55031846506904,0.01567746140062809,0.9833333492279053,0.17455847561359406,0.9248623131392604,0.17143529653549194
lambda_sweep_1.0_seed0,524,86.34599999999999,0.2,0.03832560764581683,50.0,6410.0,4.466581541477404,0.7,0.1,0.11810944564455164,20229.58207983,1788817855.4770622,27874.0,irdwm828,2026-09-07T16:13:45Z,lambda_sweep_1.0,0,1.0,0.131,0.00016979128122329712,0.0,0.43336477875709534,0.9765625,52.0,0.0,0.019927695393562317,0.14196036756038666,1.0,0.17090609669685364,0.004438844043761492,3000.0,saturating,1.0088289976119995,525.0,-9.775161657898934e-08,4.0,0.12686605751514435,81.6,1.0,0.96875,1.0,0.44757941365242004,106.90872476776055,0.019927695393562317,0.984375,0.17322459816932678,0.9228953579858379,0.16989809274673462
lambda_sweep_1.0_seed1,524,85.45400000000001,0.3,-0.017675443994628393,50.0,5692.0,4.081535059808312,0.58,0.12,0.12226339868190611,20663.585356551,1788818289.5547342,23507.0,rtltu3xk,2026-09-07T16:13:45Z,lambda_sweep_1.0,1,1.0,0.131,0.00020028091967105865,0.0,0.42903417348861694,0.9453125,52.0,0.0,0.016660479828715324,0.14254990220069885,1.0,0.171151265501976,0.0050101992674171925,3000.0,saturating,1.0239804983139038,525.0,3.1789144649962964e-09,4.0,0.12797199189662933,80.66666666666666,1.0,0.9609375,1.0,0.46577271819114685,106.90872476776055,0.016660479828715324,0.9296875,0.1729547679424286,0.9225019669551534,0.17003008723258972
lambda_sweep_1.0_seed2,524,85.66866666666667,0.18,0.0023648934097841856,50.0,2679.0,3.935498895382332,0.74,0.08,0.1270170455947627,20474.046875396,1788818099.8244684,28729.0,97am7pd2,2026-09-07T16:13:45Z,lambda_sweep_1.0,2,1.0,0.131,0.00011628028005361557,0.0,0.4539971947669983,0.9609375,52.0,0.0,0.01787094585597515,0.1420610398054123,1.0,0.1721494048833847,0.0038236824329942465,3000.0,saturating,1.0246937274932861,525.0,-4.76837147544984e-09,4.0,0.11835679411888123,87.33333333333333,1.0,0.9375,1.0,0.4516419470310211,106.90872476776055,0.01787094585597515,0.984375,0.17456193268299103,0.9221085759244689,0.17024002969264984
